DRB.UEThpDl,RF.serving.RSRP,RF.serving.RSRQ,RF.serving.RSSINR,RRU.PrbUsedDl,Viavi.UE.anomalies,step,measTimeStampRf,nbCellIdentity_0,nbCellIdentity_1,nbCellIdentity_2,nbCellIdentity_3,nbCellIdentity_4,nrCellIdentity,rsrp_nb0,rsrp_nb1,rsrp_nb2,rsrp_nb3,rsrp_nb4,rsrq_nb0,rsrq_nb1,rsrq_nb2,rsrq_nb3,rsrq_nb4,rssinr_nb0,rssinr_nb1,rssinr_nb2,rssinr_nb3,rssinr_nb4,targetTput,ue-id,x,y
25.28216364030094,-72.16520560553829,-40.0,500247588.2463188,7.346525740473576,0,75,2025-04-24 11:36:15.174810,Null,Null,Null,Null,Null,6,55.471219834713736,63.12826347146197,84.53221682882058,6.383810651137301,26.656611192704432,-40.0,-40.0,-40.0,-40.0,-40.0,85.84840689437858,88.71687375273721,99.52788941626645,82.45476256577737,99.09408078921223,70.61175170452854,UE0,50.170009638720195,951.985172142435
25.10518982315778,-58.22844625993693,-40.0,12383999850.260265,11.044571398851808,1,75,2025-04-24 11:36:15.174810,6,Null,Null,Null,Null,5,-73.52403322276952,12.5142714487333,24.65758351282916,65.24783872934617,1.575940270798264,-40.0,-40.0,-40.0,-40.0,-40.0,365849311.28321046,56.87006224479747,60.7733121321043,44.639760739917506,55.57105733342643,6.006074021421643,UE1,460.5662602791307,981.7107219266866
25.220897524836275,-40.353903210815815,-40.0,759128406533.1857,91.61138689093498,1,75,2025-04-24 11:36:15.174810,5,Null,Null,Null,Null,6,-71.47607733048922,73.58390116147585,46.53208322953322,79.01169402350945,60.53373364585493,-40.0,-40.0,-40.0,-40.0,-40.0,586270215.3763512,42.830602986422406,57.16808921665552,58.41022200073722,37.597877001347825,60.01155912656841,UE2,275.5165461066021,711.7089245686104
25.175796117173142,-62.474113353097366,-40.0,4659016288.212388,4.0208695216157295,1,75,2025-04-24 11:36:15.174810,6,Null,Null,Null,Null,1,-68.58913024516335,83.69439154485514,43.50305890104706,24.60140971810018,40.66399979917718,-40.0,-40.0,-40.0,-40.0,-40.0,1139705225.668666,51.519227054523924,43.6141418086242,16.055329853882824,42.069292720598604,23.753090907767525,UE3,187.97964614799872,453.7424209732609
25.507136696956962,-71.55510995036245,-40.0,575697798.9675165,71.18787915128945,1,75,2025-04-24 11:36:15.174810,2,Null,Null,Null,Null,1,-73.66952917086041,67.00260701641584,71.61007435850108,98.35757593231038,33.58214488338503,-40.0,-40.0,-40.0,-40.0,-40.0,353795778.82842517,85.25708238387654,56.77951754607586,83.66649645767794,32.27954800143095,10.770153839941662,UE4,204.4826158724472,0.11249447484632746
25.107689582952403,-51.806157181986464,-40.0,54336272954.63786,68.98890961663875,0,75,2025-04-24 11:36:15.174810,5,Null,Null,Null,Null,4,-72.01944480636182,40.9648616054014,8.83921504335471,50.78416389579016,57.546569965515125,-40.0,-40.0,-40.0,-40.0,-40.0,517322161.4404324,98.01737199697926,23.660547271918478,85.07198711839547,84.11099224041584,46.50320928530817,UE5,770.163912834057,775.9886806142733
25.34953562640293,-62.215004573145336,-40.0,4945441930.891729,4.516336199240628,1,75,2025-04-24 11:36:15.174810,5,6,Null,Null,Null,4,-66.66141948746221,-72.88868002426864,32.595736840410495,14.078240471059624,37.21445972661965,-40.0,-40.0,-40.0,-40.0,-40.0,1776493469.5007954,423484541.29984313,17.91803091103474,29.016559297022607,74.55779415840153,24.397101876270916,UE6,587.2324532488194,693.1758759756959
25.332438051288744,-68.70349783089488,-40.0,1110083841.3203456,59.44314053456561,0,75,2025-04-24 11:36:15.174810,Null,Null,Null,Null,Null,3,76.91110187938182,92.07269751779666,92.35068415445545,25.52739550039353,31.49964474818446,-40.0,-40.0,-40.0,-40.0,-40.0,92.60007012939273,38.58867238557808,75.80569185451542,25.488096183213106,14.701246413866244,13.10171640765901,UE7,974.81036850309,177.7961694977843
25.504926802610015,-69.18804427091425,-40.0,992890000.7234585,2.676684976156221,1,75,2025-04-24 11:36:15.174810,2,Null,Null,Null,Null,3,-65.59099970688814,97.5168552369214,46.563140656067446,53.430750714525246,59.76403969300451,-40.0,-40.0,-40.0,-40.0,-40.0,2273032228.08035,88.01247393261332,40.60546460157798,66.965317651248,86.8705829435228,59.155264655909484,UE8,671.1501218236415,47.82353949319063
25.07409110419562,-55.967803113516936,-40.0,20841321481.77606,95.70978764894906,0,75,2025-04-24 11:36:15.174810,5,Null,Null,Null,Null,4,-66.4985476831564,41.913309810427414,54.782321049644985,28.719871919164852,91.79612490795171,-40.0,-40.0,-40.0,-40.0,-40.0,1844381662.9560082,72.08276646003105,24.310654268189392,32.828480518161825,57.811447584049766,92.59419094613492,UE9,667.7064074426587,766.9744318782809
25.087586744886707,-60.62342659806214,-40.0,7134489518.78079,71.20907904739072,0,75,2025-04-24 11:36:15.174810,3,Null,Null,Null,Null,4,-73.76612011365155,97.11502814883171,68.09689507381887,79.1347019541318,77.91179600945216,-40.0,-40.0,-40.0,-40.0,-40.0,346013905.7231594,99.13794869176635,84.16433566142429,58.230010639461966,94.51490523838287,97.74693416065948,UE10,879.968076461014,632.8844515274484
25.25889495737469,-66.5562193245481,-40.0,1820051310.2109144,64.08267444040493,0,75,2025-04-24 11:36:15.174810,3,Null,Null,Null,Null,4,-63.8628253049131,59.28592418705522,42.47344933469642,6.637506955631819,62.67006293352126,-40.0,-40.0,-40.0,-40.0,-40.0,3383942957.3673434,8.519288862950182,29.67267240399155,93.13477059140811,80.93280146255732,35.12303791581336,UE11,775.4919182081431,483.649459580118
25.214877560196832,-57.414005492688815,-40.0,14938432010.22404,77.50862279774881,1,75,2025-04-24 11:36:15.174810,Null,Null,Null,Null,Null,6,51.68550423912818,55.638157533536,55.64384650179941,99.36015789683704,73.04244911924636,-40.0,-40.0,-40.0,-40.0,-40.0,66.49906738175407,7.1314139462903015,79.3153251890675,82.01006441200758,67.66877662265036,70.87482444631742,UE12,130.3948896234744,696.7452744095339
25.560985650873587,-69.35924928567188,-40.0,954510335.9177121,88.80030718067273,1,75,2025-04-24 11:36:15.174810,Null,Null,Null,Null,Null,1,89.60921444782936,10.151180116565126,54.33769340734395,90.2459227044867,20.669282089073633,-40.0,-40.0,-40.0,-40.0,-40.0,71.4839125206042,67.01558950590514,54.592937863612924,78.74753604938628,71.2539169329263,74.85489324033912,UE13,8.691072679842481,197.01928187401867
1.6810227098154513,-63.61434346118065,-40.0,3583201390.4496274,66.66752383465986,0,75,2025-04-24 11:36:15.174810,1,2,Null,Null,Null,3,-72.9198304202128,-61.30417152334235,16.14263379218397,48.12539211446317,80.98551527093248,-40.0,-40.0,-40.0,-40.0,-40.0,420457905.02590466,6099418206.150228,7.078596127552592,88.79881590608504,6.201053802203726,44.30399603768713,UE14,576.8881533916409,242.69767317626832
25.2351007923998,-56.814125867696546,-40.0,17151139420.96095,91.65749502953557,0,75,2025-04-24 11:36:15.174810,5,Null,Null,Null,Null,4,-65.99733244478443,18.09359808414553,84.33446228858342,99.99492973306766,15.125180020949955,-40.0,-40.0,-40.0,-40.0,-40.0,2070009409.4940805,75.46720018533173,28.712760759914595,95.1820476423666,89.94704539018767,99.86322639156533,UE15,654.0145824469187,758.8230574903296
25.07876750708622,-56.977136459102695,-40.0,16519310569.945059,70.22752899392758,0,75,2025-04-24 11:36:15.174810,2,4,Null,Null,Null,3,-71.72204250177194,-73.78505475848002,88.53294734622678,24.505229167365997,33.19718138826797,-40.0,-40.0,-40.0,-40.0,-40.0,553989219.9617391,344508616.2785444,3.004906444706064,52.794666285820576,65.62717584929004,65.21349371755912,UE16,652.2173860957356,362.55483985316533
25.68792802112265,-46.25425430605583,-40.0,195110271601.0674,12.884555305142172,1,75,2025-04-24 11:36:15.174810,5,Null,Null,Null,Null,6,-70.09622535351905,62.68786183941016,70.79400039949358,88.67411873684892,76.64638105713802,-40.0,-40.0,-40.0,-40.0,-40.0,805532428.7442089,30.471166932653137,6.5657429114492745,26.426352664995306,1.9663792514045815,99.04821201993542,UE17,292.0643617723731,730.2185691758311
25.142625938040535,-68.06891590334062,-40.0,1284736236.5079236,83.37700117930136,0,75,2025-04-24 11:36:15.174810,Null,Null,Null,Null,Null,1,8.35679646172277,60.933068648073444,14.57283486074738,42.98380985063298,92.50420848042293,-40.0,-40.0,-40.0,-40.0,-40.0,86.81022921898676,55.1176799123454,41.4684570893169,50.575672553789474,20.159943287319997,61.87454463785963,UE18,23.478607267020493,218.10298929002067
25.08221160873696,-65.75338454846163,-40.0,2189611721.235937,27.141377318616343,1,75,2025-04-24 11:36:15.174810,1,2,Null,Null,Null,3,-71.33074439754029,-60.73664364126233,86.83455231157073,71.92114930362065,80.24790447148452,-40.0,-40.0,-40.0,-40.0,-40.0,606221206.188646,6950902551.729275,1.6557707842363774,12.89136847604148,24.88802117339505,4.287394285695607,UE19,545.0687612916674,252.51399518898035
25.109929108948712,-74.59787337666071,-40.0,285705253.6482746,44.18514271943995,0,75,2025-04-24 11:36:15.174810,6,Null,Null,Null,Null,5,-63.19043813857789,42.316571461256984,48.73193141479616,90.30838082218615,90.81961240436357,-40.0,-40.0,-40.0,-40.0,-40.0,3950588090.9840374,46.45731084389385,15.771790485542663,55.80384300240958,66.95449139704836,73.56122158637189,UE20,159.68888777442726,852.5030612236998
25.178609302364443,-64.88935849814663,-40.0,2671589416.05629,43.72740558379537,0,75,2025-04-24 11:36:15.174810,Null,Null,Null,Null,Null,6,90.71240693431253,76.66096066407233,39.10988514891641,19.64186617961761,6.904650166088205,-40.0,-40.0,-40.0,-40.0,-40.0,3.81931256634877,55.65372977403902,57.312779801493996,60.005814063126714,11.871739740368797,10.749035584556681,UE21,56.542252088114864,655.1744516705979
25.21462907885294,-61.71243251367849,-40.0,5552164343.549581,51.62447859381561,0,75,2025-04-24 11:36:15.174810,Null,Null,Null,Null,Null,3,85.899252123616,5.172770355520331,14.534771025049858,99.68033124522024,3.4840064772363664,-40.0,-40.0,-40.0,-40.0,-40.0,68.55857495482404,74.31570993632634,77.22699769610789,25.88522098726871,23.038007567410066,63.304497538799,UE22,863.0463030940564,186.12939628136385
25.185622764733633,-62.7435724874219,-40.0,4378731498.888068,37.23207517712816,1,75,2025-04-24 11:36:15.174810,4,Null,Null,Null,Null,3,-67.43796523965577,2.209749996299136,5.207798696263742,90.17756253476361,17.984274843922883,-40.0,-40.0,-40.0,-40.0,-40.0,1485624456.2450545,21.210104297928687,74.58586304346446,54.34551706606253,81.8904604348437,73.3981132086563,UE23,725.7609764908934,470.28032953078053
25.287846431767353,-64.50492594232288,-40.0,2918858016.19954,89.5025936614459,0,75,2025-04-24 11:36:15.174810,2,Null,Null,Null,Null,1,-60.15819100677126,93.38235467158528,75.10249237436409,37.66767039206308,63.49035840745285,-40.0,-40.0,-40.0,-40.0,-40.0,7941206024.838009,47.752244387976006,50.111132574045335,27.314298487001246,45.10127846486005,34.39619645930411,UE24,373.7131541406419,155.80820850292244
25.121046830843913,-61.63212123561843,-40.0,5655792146.50711,78.53789489227705,0,75,2025-04-24 11:36:15.174810,1,2,Null,Null,Null,3,-74.15201373877436,-62.426032963304124,9.249296630348201,69.57274343387904,11.206359197198356,-40.0,-40.0,-40.0,-40.0,-40.0,316595100.933294,4710882452.904262,55.29886456227663,65.5397555616627,89.1032731052075,28.141431618068236,UE25,604.0696328753737,235.40420645025753
25.54524005473801,-72.6358363570404,-40.0,448871393.09640825,86.26265350042834,1,75,2025-04-24 11:36:15.175809,3,4,Null,Null,Null,5,-72.52385190992918,-59.97673962201634,15.369517983029686,36.59148087665302,65.5111931440367,-40.0,-40.0,-40.0,-40.0,-40.0,460596223.81126875,8280024119.578819,46.98387804920354,40.12260828331924,80.65143976974282,68.9353047883957,UE26,641.9192583022248,611.0507020923798
25.016136888781723,-66.14058876919825,-40.0,2002841986.6092975,4.558103517930334,1,75,2025-04-24 11:36:15.175809,Null,Null,Null,Null,Null,6,81.60296633284108,92.98113983831064,70.1969552927514,81.29085981031382,71.97197826565521,-40.0,-40.0,-40.0,-40.0,-40.0,39.39747227807227,19.133143760799133,62.09866072036743,71.43006890883832,59.18443301910181,50.398277644941416,UE27,52.57498145365731,787.2727266946085
25.19010956943586,-66.2394706944118,-40.0,1957755688.9630876,67.22283888847755,0,75,2025-04-24 11:36:15.175809,Null,Null,Null,Null,Null,6,25.374771525844224,40.81129379897172,63.850028825814086,94.15747528394432,50.61466647945746,-40.0,-40.0,-40.0,-40.0,-40.0,13.18284284649203,78.24026850713918,83.1152243066608,34.667257763405374,2.952093016975634,72.78353200131603,UE28,41.40980846190442,639.1684044164194
25.341808799310293,-64.69600785026076,-40.0,2793217659.1583576,12.063898411383276,1,75,2025-04-24 11:36:15.175809,2,Null,Null,Null,Null,3,-60.90740471363817,97.55315905717586,75.15736474182633,33.16734724364296,40.132404508286456,-40.0,-40.0,-40.0,-40.0,-40.0,6682902002.561588,21.0831209449312,43.2772669052964,55.711844373009676,48.2963113795489,34.373095291330365,UE29,635.944189570245,140.55985122438452
25.303089596173688,-69.24986809796502,-40.0,978855880.6854652,4.431488747883648,1,75,2025-04-24 11:36:15.175809,1,Null,Null,Null,Null,6,-61.262154685999604,20.08214635201083,40.34860660928225,36.7737346010227,46.431148778036984,-40.0,-40.0,-40.0,-40.0,-40.0,6158714833.919439,36.661723398578076,76.44380831410241,31.480236601777268,67.00069463114649,95.02630493654912,UE30,308.3027936853622,441.1865219937289
25.249348226014668,-71.39234974850046,-40.0,2.3123919737041456,67.89227391493355,1,75,2025-04-24 11:36:15.175809,3,4,5,Null,Null,6,-74.61676515789186,-66.84109722145763,-70.5918475701373,90.19309515544396,85.5193086187253,-40.0,-40.0,-40.0,-40.0,-40.0,0.7507959064860769,1704495433.044369,718655588.3762437,15.360398434738745,97.72228716612916,72.96734164711354,UE31,544.1177543441937,616.9179122657534
25.35089722515529,-73.76861655005497,-40.0,345815065.1838113,52.366966059447506,1,75,2025-04-24 11:36:15.175809,2,3,Null,Null,Null,1,-51.412935626618264,-73.37267572517513,20.447225728494125,72.08949711367458,62.41884385532984,-40.0,-40.0,-40.0,-40.0,-40.0,59485621227.08997,378824441.4464474,67.01122545355956,74.54675156566219,73.05978435351184,84.39654596527495,UE32,501.9049809105819,55.64825704401487
25.481603736964075,-69.78349994371115,-40.0,865676383.5205241,29.390256089336447,1,75,2025-04-24 11:36:15.175809,5,6,Null,Null,Null,4,-43.80022060240877,-72.07185500529417,37.471602918305734,18.611337448029747,65.95142901963186,-40.0,-40.0,-40.0,-40.0,-40.0,343307668044.80176,511116691.0789856,82.17613788031672,29.80833677271957,16.66262048709745,28.949958051997925,UE33,529.3549558438566,855.3208146648936
25.12418108571484,-64.55014408878229,-40.0,2888624930.9204597,20.60119310228523,1,75,2025-04-24 11:36:15.175809,Null,Null,Null,Null,Null,1,26.677861349309346,28.09391784427781,78.87554350205679,71.5680224337407,75.68195780368195,-40.0,-40.0,-40.0,-40.0,-40.0,6.244539685566328,72.59062297721331,31.852592910157657,9.87954988234284,48.60208866461344,64.42985550616169,UE34,122.01518723566903,158.80824455218698
25.477246945323152,-64.54566936424875,-40.0,2891602740.374617,52.06766221527377,1,75,2025-04-24 11:36:15.175809,5,6,Null,Null,Null,4,-58.355768685868696,-73.77634636623397,51.15229000487711,1.6842570607052276,45.49303299196239,-40.0,-40.0,-40.0,-40.0,-40.0,12026207572.273188,345200111.60899144,56.14752043363171,1.7335973878754272,64.34718293028632,49.39308296461248,UE35,591.582237224357,805.8173244905632
25.19484569963447,-63.41995860730182,-40.0,3747224417.663005,48.44460751233199,0,75,2025-04-24 11:36:15.175809,Null,Null,Null,Null,Null,1,6.647295907152607,5.981127607130398,1.2794768539965986,7.34950019629647,43.697330582394606,-40.0,-40.0,-40.0,-40.0,-40.0,23.270591265885475,70.28413386951827,19.589441118123556,44.16714784126313,49.36201078508395,7.549398308095198,UE36,108.1859548756948,194.6421873135895
25.263001538485856,-67.76165779532359,-40.0,1378922266.541713,71.3632209741477,0,75,2025-04-24 11:36:15.175809,3,6,Null,Null,Null,1,-74.96397557789,-69.64543284221145,37.8182741057656,65.88812594049489,15.619011700673429,-40.0,-40.0,-40.0,-40.0,-40.0,0.4635634259382321,3.745192851426875,78.30468431289759,66.60257199976294,7.7279425563007145,32.66166085040459,UE37,406.20537125882515,476.9220314208187
25.559199102120008,-64.83400179818199,-40.0,2705860383.9508967,88.0428604693203,1,75,2025-04-24 11:36:15.175809,Null,Null,Null,Null,Null,1,25.247076672979734,31.831355848370524,73.61522439540002,78.78028129408949,27.91242230166849,-40.0,-40.0,-40.0,-40.0,-40.0,75.76939512755574,9.824548911083363,84.26556911190146,77.55867001163928,12.858124479815245,42.59530366176683,UE38,132.65056975721984,145.24494333944702
25.025446010841176,-56.1212092444521,-40.0,20117992394.791912,77.32426028670076,1,75,2025-04-24 11:36:15.175809,2,Null,Null,Null,Null,3,-73.60423686074272,4.789518880227996,21.81954208407543,16.855991609258417,84.4651799784908,-40.0,-40.0,-40.0,-40.0,-40.0,359154967.8603592,48.43048714689638,35.71752986615248,12.91598492432554,63.295574068432465,64.74945666656488,UE39,808.5685755720083,207.64890684484638
25.5601417786727,-65.92002323550601,-40.0,2107187787.110771,67.98495786353662,0,75,2025-04-24 11:36:15.175809,2,Null,Null,Null,Null,3,-71.91767044162928,98.27900410792626,15.641963219811165,9.871002943444704,75.33964940333297,-40.0,-40.0,-40.0,-40.0,-40.0,529588468.3892634,75.34036082774853,94.36416652702907,39.39106120957266,44.42659040843444,66.47496075990276,UE40,783.6535035810949,89.97063891076652
25.117841490652175,-63.898497868580165,-40.0,3356261392.5551014,8.432565632857953,0,75,2025-04-24 11:36:15.175809,5,Null,Null,Null,Null,6,-72.25089515958297,6.27926123052994,67.34486501300572,3.9741916353275903,13.3311788591294,-40.0,-40.0,-40.0,-40.0,-40.0,490474065.19068646,65.15562666114005,81.27897878604949,75.77984983717666,64.32085166606612,81.99319597837196,UE41,207.8958398778938,881.0216320429925
25.3059185305697,-72.99063388165105,-40.0,3.4287271287762575,74.8861208974739,0,75,2025-04-24 11:36:15.175809,2,3,4,Null,Null,1,-70.93107877452574,-64.64040242272301,-74.29806908739181,25.34067360292235,76.0850007806086,-40.0,-40.0,-40.0,-40.0,-40.0,664657158.6096001,2829210894.817598,1.6731251288357705,2.0918765140381246,43.92891757588602,9.716227070330008,UE42,573.0260525118009,382.617554515472
25.59137019857837,-66.4166568513419,-40.0,1879489392.3713543,57.56984244908338,1,75,2025-04-24 11:36:15.175809,1,Null,Null,Null,Null,2,-65.97654409035746,18.179513957465034,64.45933985416409,8.80446366530362,99.1466444889793,-40.0,-40.0,-40.0,-40.0,-40.0,2079941666.602679,6.197393732642859,40.92961613033822,38.14017176730484,26.10652283969807,59.76139326981606,UE43,303.53672030368045,97.35204085533863
25.38767848425243,-72.20787996276471,-40.0,495356159.7433391,77.87338066140306,0,75,2025-04-24 11:36:15.175809,4,Null,Null,Null,Null,5,-68.07660549870646,25.592182890102332,64.93740066798291,81.76186543575574,24.525759263393677,-40.0,-40.0,-40.0,-40.0,-40.0,1282463501.8915684,17.003726924270083,45.35438130949053,3.011779061216723,6.989437773198408,92.07169125694276,UE44,784.3249860177382,938.5373333849456
25.14106087715777,-70.03499622101015,-40.0,816969685.6732092,93.092606985541,0,75,2025-04-24 11:36:15.175809,6,Null,Null,Null,Null,5,-64.69578580741982,68.30066191047997,76.942719066086,8.372633312675399,62.769563456658666,-40.0,-40.0,-40.0,-40.0,-40.0,2793360472.3566394,72.19658405645964,81.6225843746844,13.304978161484287,71.81823082614483,68.210053192298,UE45,248.52793402725132,896.0269929754969
25.46489244888894,-70.83393131083231,-40.0,679692429.9312764,49.188728606464885,1,75,2025-04-24 11:36:15.175809,6,Null,Null,Null,Null,1,-59.0530946454154,7.90970221243151,50.75237148207442,11.472047098661665,42.95895001212752,-40.0,-40.0,-40.0,-40.0,-40.0,10242267153.550661,82.55867579508094,97.41251719766083,49.19157875995376,61.217163611530935,3.4364917315633496,UE46,186.38158857317924,582.1403810638706
25.4961546275897,-67.59506887869922,-40.0,1432843230.556936,60.03411684532189,0,75,2025-04-24 11:36:15.175809,6,Null,Null,Null,Null,5,-64.32777784440837,35.97275895310693,7.3214391050981025,9.173528454599957,47.99255614822436,-40.0,-40.0,-40.0,-40.0,-40.0,3040379388.234663,21.740226503797263,62.69411879038872,50.86651820180521,80.30612812666175,75.64423572151318,UE47,285.7750857777054,887.8943182281969
25.554010085389297,-69.35924831365429,-40.0,954510549.5517726,57.47251206634291,1,75,2025-04-24 11:36:15.175809,Null,Null,Null,Null,Null,6,3.2378735692804406,9.859968675814173,8.11744935928782,70.75396000951228,92.77853967877276,-40.0,-40.0,-40.0,-40.0,-40.0,82.98356684323515,26.0076358392582,95.15784958343309,77.52265523164351,5.481956175266775,32.96908919297107,UE48,93.62474439594251,916.6938834320715
25.55255723071024,-74.46095355848493,-40.0,294856161.9977987,78.35526298533333,0,75,2025-04-24 11:36:15.175809,4,Null,Null,Null,Null,3,-50.79786799861097,13.01928970787502,73.65332382546914,80.60851214557466,4.043759163442291,-40.0,-40.0,-40.0,-40.0,-40.0,68536001629.76688,72.93452269430237,4.185923937948936,56.48492961340812,71.1218415333758,54.399471861742825,UE49,815.6254157663664,668.2673916845839
25.359311490600575,-68.81800289260048,-40.0,1081198102.4492817,6.636210174504208,1,75,2025-04-24 11:36:15.175809,6,Null,Null,Null,Null,5,-51.21888433429854,60.49387837863669,25.02012990886075,47.42540095378369,80.0968604080533,-40.0,-40.0,-40.0,-40.0,-40.0,62203830695.6383,34.92053527873903,20.271055492690984,10.504384634340152,7.8216119728497695,58.91810837125215,UE50,323.0732684215289,723.7168227860133
25.06700613536576,-65.7587197256801,-77.0,2186923441.564521,41.25635664903771,0,75,2025-04-24 11:36:15.175809,5,Null,Null,Null,Null,4,-67.13035006976727,78.41089607010817,11.49076069015587,73.1226951102089,17.840994923392625,-40.0,-40.0,-40.0,-40.0,-40.0,1594669019.7546117,67.1549476248832,99.18775993668915,10.41351794497527,17.419573932501773,23.942634892507506,UE51,706.3245730567974,901.9103261300712
25.51470859988804,-64.41844857978862,-40.0,2977561265.014524,80.06003060061535,0,75,2025-04-24 11:36:15.175809,Null,Null,Null,Null,Null,1,60.18001453613649,36.83487624364339,68.3633092150842,30.22542128606462,94.18520138868188,-40.0,-40.0,-40.0,-40.0,-40.0,12.265598064735025,65.21363312621881,44.64504612112402,6.238680584692544,94.24742867942061,96.79695855718177,UE52,117.50362187362039,165.36836803367336
25.23328406651359,-58.69060839896322,-40.0,11133833545.804869,89.36665035566645,0,75,2025-04-24 11:36:15.175809,5,Null,Null,Null,Null,4,-70.84665275786217,19.70031007720703,75.33716848356266,16.922514997655277,44.16450785265457,-40.0,-40.0,-40.0,-40.0,-40.0,677704373.450578,87.67582243065739,21.391635764514213,87.61824044824179,61.77573979177392,38.66595031331611,UE53,762.0271378156968,827.6173073570562
25.262528676321217,-67.23900422828154,-40.0,1555267659.3358276,75.88240304627425,1,75,2025-04-24 11:36:15.175809,Null,Null,Null,Null,Null,4,2.0247377785843272,13.09140795200968,84.86035681538533,42.31879840060113,17.949295839437838,-40.0,-40.0,-40.0,-40.0,-40.0,16.465722559754525,37.35398132640356,25.40688400134314,37.29200545813281,30.535487121045882,72.97744861607981,UE54,952.5433549478254,804.6098131678057
25.445879095119736,-73.98547835181948,-40.0,328971086.2873708,55.57060409557761,1,75,2025-04-24 11:36:15.175809,1,6,Null,Null,Null,2,-63.915612623689384,-71.09878179372151,16.455573250678974,90.33307896255323,92.09866942274753,-40.0,-40.0,-40.0,-40.0,-40.0,3343061004.498711,639480616.106687,4.0808513682142955,97.2578163394089,60.355953935474766,9.63884375289663,UE55,378.918519453022,429.37264634549206
25.064341813640333,-71.82550060964152,-40.0,540947979.6521236,6.425971219629751,0,75,2025-04-24 11:36:15.175809,1,Null,Null,Null,Null,2,-68.25354964606196,86.44263277088876,5.258908626301425,40.391841303404775,6.02216754292485,-40.0,-40.0,-40.0,-40.0,-40.0,1231262349.487442,23.056657405655887,69.13842481087963,53.543076248055726,43.85805297456056,39.53754402208403,UE56,224.0509351122854,57.54633662079618
25.528085927427938,-67.65905746440554,-40.0,1411886603.9555583,74.83157533292466,1,75,2025-04-24 11:36:15.175809,2,Null,Null,Null,Null,3,-58.92161218865775,32.11665598985446,87.8759320547804,44.01668694340284,55.66722457371655,-40.0,-40.0,-40.0,-40.0,-40.0,10557092947.446852,28.663723280954088,6.901891753453491,1.5100334736704393,5.049313967054387,26.76508480316018,UE57,617.0678258257797,101.66058107200288
2.442619407638451,-71.70054995364997,-40.0,556737620.2219673,37.42970535973664,0,75,2025-04-24 11:36:15.175809,1,2,Null,Null,Null,3,-64.51916570964605,-67.00659656865268,72.98774205883686,2.5919438942088338,75.118731559118,-40.0,-40.0,-40.0,-40.0,-40.0,2909303256.7499857,1640763201.3525295,83.49991416451952,74.0057881032209,82.90709726217399,82.17125143043104,UE58,438.8820447913379,322.1047240396756
25.49185182023013,-70.19758320228024,-40.0,786950188.70757,44.512531922711474,1,75,2025-04-24 11:36:15.175809,Null,Null,Null,Null,Null,1,98.51166205620864,52.30414091811594,99.6777584864477,6.067025528628807,1.8586802200803167,-40.0,-40.0,-40.0,-40.0,-40.0,58.43145227115819,55.44131599194636,82.97605908685294,97.51274309246759,77.58459240095736,69.8787964319463,UE59,10.210721947552578,160.69143734964032
25.119904264700523,-74.32311457543256,-40.0,2.5364171158813384,60.30319729398544,0,75,2025-04-24 11:36:15.175809,1,2,3,Null,Null,4,-74.82260191409426,-70.71973331491928,-59.87676971720782,77.33957543586894,43.060349610633324,-40.0,-40.0,-40.0,-40.0,-40.0,2.2617295343220305,697802036.5143125,8472831943.314568,7.8742406406491074,20.73701196854405,69.78786149145846,UE60,621.4109843323629,359.4825847475493
25.12074434258969,-70.69825407664081,-40.0,701261758.5021454,8.465863208279755,0,75,2025-04-24 11:36:15.175809,1,Null,Null,Null,Null,6,-65.96041222228517,77.22442306926163,73.29234529234404,29.462379286541736,83.13086829293933,-40.0,-40.0,-40.0,-40.0,-40.0,2087681976.4943151,86.82316381630592,30.42897390847876,51.64751921186395,60.6531261529336,32.0860980253877,UE61,102.15638887853775,448.2575930102822
25.056313894968703,-60.13767712895776,-40.0,7978805000.575396,35.18018431273572,0,75,2025-04-24 11:36:15.175809,2,Null,Null,Null,Null,3,-66.64438528933302,74.2735650262561,70.54533622486409,48.29595035495411,26.680242859428375,-40.0,-40.0,-40.0,-40.0,-40.0,1783475037.7304013,44.46831201095169,89.89523106153406,19.695318194129747,42.25253585881693,83.4646341203064,UE62,697.2694166702686,165.76701619025457
0.0,-68.60021273408319,-40.0,1136800590.9278605,60.23884143064792,0,75,2025-04-24 11:36:15.175809,Null,Null,Null,Null,Null,3,55.49858537573337,27.30356603821152,60.55572190818262,7.726565786764874,60.12197265228734,-40.0,-40.0,-40.0,-40.0,-40.0,77.02467654954822,42.74068422889406,15.393045633076197,97.81918715560236,2.520203942429443,80.78981878125069,UE63,909.9876876337044,102.5462484048569
25.19419057444454,-64.39435505381286,-40.0,2994125904.552549,50.227092136883535,1,75,2025-04-24 11:36:15.175809,3,Null,Null,Null,Null,2,-59.108015082017005,43.4061888244219,73.66542744207011,17.35501170210346,57.701156813153574,-40.0,-40.0,-40.0,-40.0,-40.0,10113560013.146801,89.63824134790121,16.673526533709282,81.12870849485232,1.2798936100297602,58.39248976252635,UE64,652.2648605995303,207.68880747281153
25.25596682541166,-57.9557456044149,-40.0,13186544467.64635,90.68912478210372,1,75,2025-04-24 11:36:15.175809,5,Null,Null,Null,Null,6,-65.48200263088232,87.045678137181,2.5527073575509207,27.440464306120926,37.89958949474184,-40.0,-40.0,-40.0,-40.0,-40.0,2330801564.843984,5.111440447713053,54.334674726286174,58.45200814176947,33.08074510979914,68.79394807881522,UE65,365.3108368184929,746.1715317590688
25.593672784366518,-74.09945288000026,-40.0,1.6827154492509775,26.673998538189146,0,75,2025-04-24 11:36:15.175809,4,5,6,Null,Null,1,-72.31566565648386,-71.63260905011076,-66.52436381134795,39.259029864724674,14.36883135573196,-40.0,-40.0,-40.0,-40.0,-40.0,3.4091857479150294,565515690.4166598,1833450473.3749807,8.679034017683712,10.19132240238097,83.13920762740393,UE66,447.3230703855018,599.5140807473267
25.31597132887725,-56.64760954885139,-40.0,17821514537.217335,66.70802648396833,0,75,2025-04-24 11:36:15.175809,1,Null,Null,Null,Null,6,-72.44665840271495,2.912803099653783,5.155303652549456,57.5109208841116,32.638634553207496,-40.0,-40.0,-40.0,-40.0,-40.0,468856265.2720942,39.731817678385006,6.535844968570645,17.845415056344184,73.70159739475491,40.222353163781385,UE67,176.87147621969606,613.2640084188461
25.44939527055568,-73.01000462418241,-40.0,411817788.1144648,59.8499405713389,0,75,2025-04-24 11:36:15.175809,Null,Null,Null,Null,Null,3,32.828569468671546,5.198979203643695,30.649805794252156,28.007811485913575,52.83119598286845,-40.0,-40.0,-40.0,-40.0,-40.0,25.82336495881754,87.79527960143247,3.3813483828361584,80.30168091235646,49.09655097323242,79.81021329526259,UE68,930.8375112796928,12.072008624454991
25.18721467821911,-71.2197116319948,-40.0,621919824.7126124,26.545605691901603,0,75,2025-04-24 11:36:15.175809,Null,Null,Null,Null,Null,4,64.14508952009689,76.09893462585393,72.18647329688834,77.9009806965746,78.99476427391713,-40.0,-40.0,-40.0,-40.0,-40.0,41.23767773064546,90.57924091648867,81.9633783721556,74.83533237592358,20.883003847589507,1.94564993840019,UE69,889.1491778877785,962.0279908435053
25.28413021951216,-62.21463162738334,-40.0,4945866633.686863,99.4335298263185,0,75,2025-04-24 11:36:15.175809,5,6,Null,Null,Null,4,-66.90273248663125,-72.90130492320135,46.29931253249936,39.9264831725936,90.17116620081427,-40.0,-40.0,-40.0,-40.0,-40.0,1680476003.938702,422255263.41540694,41.022153481946205,13.194468403482965,69.62501757882349,98.54066870392722,UE70,587.4231175409434,689.6431065028337
25.11280000751919,-54.698747146365235,-40.0,27914564031.403927,78.09127602052936,1,75,2025-04-24 11:36:15.175809,2,Null,Null,Null,Null,1,-68.1915997632814,30.22651441993967,26.831689429770137,39.09730531285173,18.960926971717747,-40.0,-40.0,-40.0,-40.0,-40.0,1248951539.7542562,72.65100579099816,76.08499161741811,14.657192639316879,83.91116094515272,17.038793927529262,UE71,346.09134828293236,286.7860589454026
25.033983008597577,-61.714846204680256,-40.0,5549079458.44281,64.0636186525488,0,75,2025-04-24 11:36:15.175809,6,Null,Null,Null,Null,1,-69.45004111626248,95.80704174812249,45.015109189510696,34.436741822174405,57.9262810785592,-40.0,-40.0,-40.0,-40.0,-40.0,934762868.1389099,90.5172579078646,85.78471817328379,8.788174007051873,20.870546352113173,68.14909736593029,UE72,179.15379997321935,440.66817965220423
25.009720870281917,-70.36232786930765,-40.0,757657239.2036418,86.79548797811422,1,75,2025-04-24 11:36:15.175809,5,Null,Null,Null,Null,6,-54.740790432883514,80.74501473284938,62.04321079405003,69.71490008112504,79.24739876855965,-40.0,-40.0,-40.0,-40.0,-40.0,27645631879.387688,71.43728607224612,36.95660962539877,71.77859696105574,68.63814960478841,76.16368361787889,UE73,426.2913459219104,924.6219182484566
0.0,-64.90871720928232,-40.0,2659707286.9635954,31.782196429415194,1,75,2025-04-24 11:36:15.175809,Null,Null,Null,Null,Null,3,55.67341216107958,63.06639577494319,65.44399524819121,90.84622667660904,79.90047179166179,-40.0,-40.0,-40.0,-40.0,-40.0,16.919144156009857,35.216284740926405,52.66035830949901,52.144995289119215,44.54518946196932,33.44020378663415,UE74,932.7466215458212,221.63568384656304
25.487910633641704,-71.44240505222771,-40.0,590833428.187682,28.14826485508012,1,75,2025-04-24 11:36:15.175809,4,5,Null,Null,Null,6,-64.79765587845377,-64.52901546509563,49.32565662580445,73.31224334719033,66.72928239218528,-40.0,-40.0,-40.0,-40.0,-40.0,2728600637.3310513,2902712462.7895207,91.07225784106504,3.097152464895229,66.55304819549234,47.852959833079154,UE75,556.4894592844813,709.5336207265384
25.12766386295273,-68.73666712905879,-40.0,1101637855.6040652,28.16057168897816,1,75,2025-04-24 11:36:15.175809,4,Null,Null,Null,Null,3,-62.51221147291561,86.55639771832935,71.99484893075112,99.95003685045685,6.5144784451113695,-40.0,-40.0,-40.0,-40.0,-40.0,4618324202.805155,65.74028555591454,49.03879175883773,11.900649709628755,83.75686956228246,37.48617591702261,UE76,683.5121657944125,547.6712309691854
25.339681200212283,-62.354152964826,-40.0,4789500992.580202,69.7875629103015,0,75,2025-04-24 11:36:15.175809,6,Null,Null,Null,Null,1,-70.06588841069447,17.276540726148554,35.994280519520515,97.6033956733732,7.512977108342706,-40.0,-40.0,-40.0,-40.0,-40.0,811179044.8248513,36.08525623258133,66.55522755033222,72.82210416602747,99.85285980810369,36.401165053915854,UE77,157.25960802912877,435.80031883801206
25.463623189832568,-68.10410884241708,-40.0,1274367478.4361677,23.231333409436353,1,75,2025-04-24 11:36:15.175809,Null,Null,Null,Null,Null,3,59.03759204653588,96.32112587591264,68.31018256421159,71.3572773814633,83.62688741978491,-40.0,-40.0,-40.0,-40.0,-40.0,11.426175422893463,99.91114874326468,48.02345751460068,30.30680067650838,56.87103909094851,78.27963325014099,UE78,994.9375835829464,278.07020452516616
25.422627762642954,-65.35272685187653,-40.0,2401225124.9189463,50.32209900794802,1,75,2025-04-24 11:36:15.175809,Null,Null,Null,Null,Null,3,46.967379610726496,28.449140161509526,15.277105357847336,35.74060820131233,2.9608864554837657,-40.0,-40.0,-40.0,-40.0,-40.0,94.77536728395945,14.330962222023798,33.23553660674672,46.954330132924895,64.8506504332668,82.56946510377502,UE79,954.8157116829827,301.0347567589453
25.366110236409753,-63.43404357317607,-40.0,3735091168.0246234,28.25073859351185,0,75,2025-04-24 11:36:15.175809,Null,Null,Null,Null,Null,3,53.16692318032253,88.55524544185339,53.5406241126732,39.36167770633736,66.48720665684851,-40.0,-40.0,-40.0,-40.0,-40.0,96.53557222985204,83.96737262012448,29.063286007679157,90.3047108059548,9.383150188507162,78.10820955962087,UE80,928.4385195406772,324.83436271550505
25.0027802114114,-65.2274264741927,-40.0,2471513099.5792317,90.05789915018995,1,75,2025-04-24 11:36:15.175809,6,Null,Null,Null,Null,1,-65.76040509028448,71.76252337761227,86.05657819392499,67.89974442592155,2.9260219056293573,-40.0,-40.0,-40.0,-40.0,-40.0,2186074986.8163314,92.0250916306759,35.6908181728827,19.469257269164935,79.51224963780619,12.735369052084941,UE81,205.36771062539552,494.32769043682015
25.187504535671167,-63.29686985848156,-40.0,3854948479.972729,70.29402503392903,0,75,2025-04-24 11:36:15.175809,Null,Null,Null,Null,Null,6,66.67119339151985,63.2791616762894,97.22619546121254,32.32079121469389,47.363315988537614,-40.0,-40.0,-40.0,-40.0,-40.0,80.99444292416031,17.070037814867874,37.36039565090572,15.764050680904719,70.05543761908991,54.12359475026217,UE82,123.64771245499739,826.0964677905126
25.200704025317034,-71.73925087752384,-40.0,551798450.1470932,26.043927729187153,0,75,2025-04-24 11:36:15.176808,1,Null,Null,Null,Null,2,-71.03876379680506,49.46271799807552,21.49191339123336,25.13764272227678,31.47364496168614,-40.0,-40.0,-40.0,-40.0,-40.0,648379364.4701389,30.692232731811732,57.75589525076356,24.228496826151602,2.2919504978602836,29.345473594051825,UE83,243.4089197140879,6.912598889379585
24.557396084964182,-61.96411530966094,-40.0,5239550531.017791,17.80246828395445,1,75,2025-04-24 11:36:15.176808,Null,Null,Null,Null,Null,3,62.74188717683469,32.602851437074534,25.866671354852777,80.04971414089424,49.05810164550385,-40.0,-40.0,-40.0,-40.0,-40.0,20.961024220380875,7.832466479061865,16.56898100497429,22.400698394639807,32.695221931768714,26.887402985722257,UE84,913.1032532093118,305.7168361229403
25.279959957041907,-66.11827565723055,-40.0,2013158635.5839758,38.72182983347521,1,75,2025-04-24 11:36:15.176808,3,5,6,Null,Null,4,-71.6639491585084,-73.7218108244017,-74.00593097461626,27.856430357226287,22.39306010331177,-40.0,-40.0,-40.0,-40.0,-40.0,2.7049647982985774,349562214.2364223,0.641832540176469,6.006190822569791,29.401454425030625,85.56735299552963,UE85,587.0279998960541,565.0560711232129
25.214454902211866,-70.37260263347457,-40.0,755866853.1287483,35.13318452043186,1,75,2025-04-24 11:36:15.176808,Null,Null,Null,Null,Null,1,83.98192666989246,27.329114281912144,44.79257429110254,87.34797361445426,1.9767817347850758,-40.0,-40.0,-40.0,-40.0,-40.0,68.00980265271822,35.40938140924944,67.84205352340348,14.447015497665369,96.33802361661336,93.14160233506965,UE86,27.910347239172882,128.58989575287893
25.260593553287464,-68.83771907267914,-40.0,1076300784.467082,50.85367490201466,0,75,2025-04-24 11:36:15.176808,3,Null,Null,Null,Null,4,-60.449731296916084,35.05726959746454,8.083454073781807,69.86936882007262,41.14350588160796,-40.0,-40.0,-40.0,-40.0,-40.0,7425615102.99754,88.34157836977785,41.80833495668415,31.458978952118766,6.990370861272264,76.80243938703465,UE87,738.0225271831243,446.8218251482393
25.455492309034394,-63.70862338687793,-40.0,3506252799.8153276,23.518550451022794,0,75,2025-04-24 11:36:15.176808,6,Null,Null,Null,Null,1,-66.63358275389182,46.67947381740102,24.438443338386243,10.720184485576567,20.74673111515241,-40.0,-40.0,-40.0,-40.0,-40.0,1787916732.005049,99.15605232372317,27.313652150911302,78.63776714739458,94.56223812449116,80.95758328793819,UE88,224.90723233609197,478.3664449403125
0.0,-40.33641083468268,-40.0,762192165895.1582,96.02201003353584,1,75,2025-04-24 11:36:15.176808,2,Null,Null,Null,Null,3,-71.46169775217747,23.510269801012786,31.87905672048783,16.968285292210652,61.80095921438658,-40.0,-40.0,-40.0,-40.0,-40.0,588214585.0884998,95.88686471095744,83.19987100791683,28.86029352318943,29.095406363559654,73.34859585229712,UE89,728.8765401063135,281.6078561972304
25.06043542516807,-70.68786487322407,-40.0,702941326.7607837,47.19483617537376,0,75,2025-04-24 11:36:15.176808,2,Null,Null,Null,Null,3,-63.10855723357258,51.92043158174441,59.964403057365004,35.46513321572074,91.88718798103822,-40.0,-40.0,-40.0,-40.0,-40.0,4025778171.63284,96.5384539791387,77.34177069112992,12.730282436906384,32.29075759191141,84.10766586012669,UE90,630.2323719030418,33.97207082628566
25.007635257020784,-70.8005547365112,-40.0,684936153.3786585,17.607626714388307,0,75,2025-04-24 11:36:15.176808,5,Null,Null,Null,Null,4,-58.01364805993779,99.54676787664094,36.0986844103308,99.62495711600297,57.30283574382456,-40.0,-40.0,-40.0,-40.0,-40.0,13011901232.487955,17.728404557161817,60.73581286679186,19.739396413530834,70.27412280469107,2.8856502917114653,UE91,590.7962268495203,940.7005968512058
25.120573465216662,-64.34462852846391,-40.0,3028605531.6251163,77.82938584667124,1,75,2025-04-24 11:36:15.176808,2,Null,Null,Null,Null,3,-72.12988335606215,35.49917819157683,2.1604896846808987,34.080828069426985,93.36685304377804,-40.0,-40.0,-40.0,-40.0,-40.0,504332816.7674776,50.08588811139592,24.91377122045652,23.973516992271314,63.76068907620086,24.881876676794413,UE92,789.5781795851741,112.64942584046761
25.408796453248183,-68.96240596221988,-40.0,1045839324.9700742,48.607875336590084,1,75,2025-04-24 11:36:15.176808,5,6,Null,Null,Null,4,-49.69223945122373,-73.6535466943474,88.94036011821966,39.213001422903126,90.66001670889014,-40.0,-40.0,-40.0,-40.0,-40.0,88405975154.22545,355100181.79992884,22.00452423220031,32.22904705799243,55.6206897653232,57.80036643520479,UE93,560.5134841876603,871.4850975581344
25.052354988760435,-72.18172741542429,-40.0,498348118.0479011,78.12265698122427,1,75,2025-04-24 11:36:15.176808,Null,Null,Null,Null,Null,4,42.39599463781491,15.270732177631661,56.77111076401553,15.414809037074544,41.23614213958262,-40.0,-40.0,-40.0,-40.0,-40.0,67.06209999998396,86.38050577119996,70.51414913250306,85.41914229751625,85.40507496771879,34.78268386994786,UE94,935.3767489967719,956.0587683599483
25.212778103001373,-65.31516474033391,-40.0,2422083382.4287715,25.33081271405456,1,75,2025-04-24 11:36:15.176808,4,5,Null,Null,Null,6,-74.62188593212336,-56.98986266982192,89.62531677838065,90.55872675835386,59.78634109043529,-40.0,-40.0,-40.0,-40.0,-40.0,284129921.18934834,16470974586.222486,78.96001033515714,95.92456149244548,69.73504398783432,68.0078145232501,UE95,403.94279208128364,834.3225239363057
25.23452304037103,-74.74048796030822,-40.0,276475573.785641,59.54916692283602,0,75,2025-04-24 11:36:15.176808,4,5,Null,Null,Null,6,-66.4849035465098,-56.423016121993925,7.624520199352803,10.253614029806503,66.27433518209378,-40.0,-40.0,-40.0,-40.0,-40.0,1850185228.9880564,18767393147.50427,24.198705403755138,52.53881489124998,71.7933027467667,15.391021303771051,UE96,598.1579831803853,854.768135004026
25.415647124853443,-61.52874377880336,-40.0,5792035115.46098,74.16401801438653,1,75,2025-04-24 11:36:15.176808,Null,Null,Null,Null,Null,1,19.10522778874722,8.496305622739978,7.503949979726065,27.473908135157878,32.13192128323196,-40.0,-40.0,-40.0,-40.0,-40.0,13.228582069706086,35.915154781254365,75.32511589951463,63.51107149880989,78.4963197636972,70.99781832298513,UE97,98.23012566379013,265.9979714550247
25.336334055115103,-74.13259832585689,-40.0,318013628.0510479,25.913508349335356,0,75,2025-04-24 11:36:15.176808,4,Null,Null,Null,Null,3,-69.40432927382477,23.66824208828111,25.878109469333374,92.87470429583097,16.15364543461533,-40.0,-40.0,-40.0,-40.0,-40.0,944653714.6889259,11.504097520866662,32.12311874452824,85.62665191395885,69.47074526808603,19.23744532523375,UE98,984.6820378333572,580.9570559051497
25.423646105571702,-64.44924528764803,-40.0,2956521457.4835687,79.37841678206959,1,75,2025-04-24 11:36:15.176808,1,Null,Null,Null,Null,6,-66.01093362298046,22.353512133336007,74.11887773093927,5.394712003083129,97.83150559461532,-40.0,-40.0,-40.0,-40.0,-40.0,2063536721.7322896,82.8639757369435,84.19155309601467,36.95217356255789,17.130063459409616,37.696775371372446,UE99,225.85111541204014,508.688667108093
